"Data.in.Byte" , "Gap.in.Byte" , "Datasieving.1.on" , "Buffer.in.MByte" , "fill_level"     , "mean_value"      
2048           , 0             , 0                  , 4                 , 100              , 88.7813844        
2048           , 0             , 1                  , 1                 , 100              , 89.4148904        
2048           , 0             , 1                  , 4                 , 100              , 88.9457234        
2048           , 0             , 1                  , 100               , 100              , 88.9457234        
2048           , 32            , 0                  , 4                 , 98.4615384615385 , 0.7925522         
2048           , 32            , 1                  , 1                 , 98.4615384615385 , 77.5470026        
2048           , 32            , 1                  , 4                 , 98.4615384615385 , 77.395348         
2048           , 32            , 1                  , 100               , 98.4615384615385 , 77.395348         
2048           , 64            , 0                  , 4                 , 96.969696969697  , 0.803665666666667 
2048           , 64            , 1                  , 1                 , 96.969696969697  , 77.2284656        
2048           , 64            , 1                  , 4                 , 96.969696969697  , 76.7011532        
2048           , 64            , 1                  , 100               , 96.969696969697  , 76.7011532        
2048           , 128           , 1                  , 1                 , 94.1176470588235 , 77.2490898        
2048           , 128           , 1                  , 4                 , 94.1176470588235 , 75.790132         
2048           , 128           , 1                  , 100               , 94.1176470588235 , 75.790132         
2048           , 256           , 1                  , 1                 , 88.8888888888889 , 76.34443          
2048           , 256           , 1                  , 4                 , 88.8888888888889 , 76.472379         
2048           , 256           , 1                  , 100               , 88.8888888888889 , 76.472379         
2048           , 512           , 1                  , 1                 , 80               , 74.4275098        
2048           , 512           , 1                  , 4                 , 80               , 74.3918118        
2048           , 512           , 1                  , 100               , 80               , 74.3918118        
2048           , 1024          , 0                  , 4                 , 66.6666666666667 , 1.160644          
2048           , 1024          , 1                  , 1                 , 66.6666666666667 , 71.1534452        
2048           , 1024          , 1                  , 4                 , 66.6666666666667 , 70.230065         
2048           , 1024          , 1                  , 100               , 66.6666666666667 , 70.230065         
2048           , 2048          , 0                  , 4                 , 50               , 1.5355846         
2048           , 2048          , 1                  , 1                 , 50               , 49.6527126        
2048           , 2048          , 1                  , 4                 , 50               , 49.592063         
2048           , 2048          , 1                  , 100               , 50               , 49.592063         
2048           , 4096          , 0                  , 4                 , 33.3333333333333 , 2.2490224         
2048           , 4096          , 1                  , 1                 , 33.3333333333333 , 33.0537206        
2048           , 4096          , 1                  , 4                 , 33.3333333333333 , 32.6908354        
2048           , 4096          , 1                  , 100               , 33.3333333333333 , 32.6908354        
2048           , 6144          , 0                  , 4                 , 25               , 2.9522312         
2048           , 6144          , 1                  , 1                 , 25               , 24.7745974        
2048           , 6144          , 1                  , 4                 , 25               , 24.646197         
2048           , 6144          , 1                  , 100               , 25               , 24.646197         
2048           , 8192          , 0                  , 4                 , 20               , 3.6176606         
2048           , 8192          , 1                  , 1                 , 20               , 19.9939332        
2048           , 8192          , 1                  , 4                 , 20               , 19.7550912        
2048           , 8192          , 1                  , 100               , 20               , 19.7550912        
2048           , 10240         , 0                  , 4                 , 16.6666666666667 , 1.1982214         
2048           , 10240         , 1                  , 1                 , 16.6666666666667 , 16.6032018        
2048           , 10240         , 1                  , 4                 , 16.6666666666667 , 16.4142828        
2048           , 10240         , 1                  , 100               , 16.6666666666667 , 16.4142828        
2048           , 12288         , 0                  , 4                 , 14.2857142857143 , 1.3899496         
2048           , 12288         , 1                  , 1                 , 14.2857142857143 , 14.0403056        
2048           , 12288         , 1                  , 4                 , 14.2857142857143 , 13.9644498        
2048           , 12288         , 1                  , 100               , 14.2857142857143 , 13.9644498        
2048           , 14336         , 0                  , 4                 , 12.5             , 1.5583438         
2048           , 14336         , 1                  , 1                 , 12.5             , 12.2706926        
2048           , 14336         , 1                  , 4                 , 12.5             , 12.2509606        
2048           , 14336         , 1                  , 100               , 12.5             , 12.2509606        
2048           , 16384         , 0                  , 4                 , 11.1111111111111 , 1.729047          
2048           , 16384         , 1                  , 1                 , 11.1111111111111 , 10.865432         
2048           , 16384         , 1                  , 4                 , 11.1111111111111 , 10.8599828        
2048           , 16384         , 1                  , 100               , 11.1111111111111 , 10.8599828        
2048           , 18432         , 0                  , 4                 , 10               , 1.9220076         
2048           , 18432         , 1                  , 1                 , 10               , 9.7059198         
2048           , 18432         , 1                  , 4                 , 10               , 9.7368768         
2048           , 18432         , 1                  , 100               , 10               , 9.7368768         
2048           , 20480         , 0                  , 4                 , 9.09090909090909 , 2.0799326         
2048           , 20480         , 1                  , 1                 , 9.09090909090909 , 8.9543386         
2048           , 20480         , 1                  , 4                 , 9.09090909090909 , 8.9254872         
2048           , 20480         , 1                  , 100               , 9.09090909090909 , 8.9254872         
2048           , 22528         , 0                  , 4                 , 8.33333333333333 , 2.2502998         
2048           , 22528         , 1                  , 1                 , 8.33333333333333 , 8.2644188         
2048           , 22528         , 1                  , 4                 , 8.33333333333333 , 8.1966848         
2048           , 22528         , 1                  , 100               , 8.33333333333333 , 8.1966848         
20480          , 0             , 0                  , 4                 , 100              , 99.197365         
20480          , 0             , 1                  , 1                 , 100              , 98.4357676        
20480          , 0             , 1                  , 4                 , 100              , 98.2689446        
20480          , 0             , 1                  , 100               , 100              , 98.2689446        
20480          , 320           , 0                  , 4                 , 98.4615384615385 , 19.9677784        
20480          , 320           , 1                  , 1                 , 98.4615384615385 , 95.2925418        
20480          , 320           , 1                  , 4                 , 98.4615384615385 , 94.8608212        
20480          , 320           , 1                  , 100               , 98.4615384615385 , 94.8608212        
20480          , 640           , 0                  , 4                 , 96.969696969697  , 19.355553         
20480          , 640           , 1                  , 1                 , 96.969696969697  , 93.4793886        
20480          , 640           , 1                  , 4                 , 96.969696969697  , 94.3015188        
20480          , 640           , 1                  , 100               , 96.969696969697  , 94.3015188        
20480          , 1280          , 0                  , 4                 , 94.1176470588235 , 19.8775692        
20480          , 1280          , 1                  , 1                 , 94.1176470588235 , 91.550126         
20480          , 1280          , 1                  , 4                 , 94.1176470588235 , 90.682769         
20480          , 1280          , 1                  , 100               , 94.1176470588235 , 90.682769         
20480          , 2560          , 0                  , 4                 , 88.8888888888889 , 20.8796474        
20480          , 2560          , 1                  , 1                 , 88.8888888888889 , 85.6053766        
20480          , 2560          , 1                  , 4                 , 88.8888888888889 , 86.0268286        
20480          , 2560          , 1                  , 100               , 88.8888888888889 , 86.0268286        
20480          , 5120          , 0                  , 4                 , 80               , 22.8349216        
20480          , 5120          , 1                  , 1                 , 80               , 76.8476616        
20480          , 5120          , 1                  , 4                 , 80               , 77.7574922        
20480          , 5120          , 1                  , 100               , 80               , 77.7574922        
20480          , 10240         , 0                  , 4                 , 66.6666666666667 , 26.4561518        
20480          , 10240         , 1                  , 4                 , 66.6666666666667 , 64.6400344        
20480          , 10240         , 1                  , 100               , 66.6666666666667 , 64.6400344        
20480          , 20480         , 0                  , 4                 , 50               , 31.816546         
20480          , 20480         , 1                  , 4                 , 50               , 48.5080594        
20480          , 20480         , 1                  , 100               , 50               , 48.5080594        
20480          , 40960         , 0                  , 4                 , 33.3333333333333 , 31.913119         
20480          , 40960         , 1                  , 4                 , 33.3333333333333 , 32.1223942        
20480          , 40960         , 1                  , 100               , 33.3333333333333 , 32.1223942        
20480          , 61440         , 0                  , 4                 , 25               , 24.2546622        
20480          , 61440         , 1                  , 4                 , 25               , 24.216251         
20480          , 61440         , 1                  , 100               , 25               , 24.216251         
20480          , 81920         , 0                  , 4                 , 20               , 6.1339394         
20480          , 81920         , 1                  , 4                 , 20               , 15.0993048        
20480          , 81920         , 1                  , 100               , 20               , 15.0993048        
20480          , 102400        , 0                  , 4                 , 16.6666666666667 , 7.8099116         
20480          , 102400        , 1                  , 1                 , 16.6666666666667 , 12.2211996        
20480          , 102400        , 1                  , 4                 , 16.6666666666667 , 13.0115436        
20480          , 102400        , 1                  , 100               , 16.6666666666667 , 13.0115436        
20480          , 122880        , 0                  , 4                 , 14.2857142857143 , 6.148662          
20480          , 122880        , 1                  , 1                 , 14.2857142857143 , 10.6687074        
20480          , 122880        , 1                  , 4                 , 14.2857142857143 , 11.0832974        
20480          , 122880        , 1                  , 100               , 14.2857142857143 , 11.0832974        
20480          , 143360        , 0                  , 4                 , 12.5             , 7.3307222         
20480          , 143360        , 1                  , 1                 , 12.5             , 10.4619062        
20480          , 143360        , 1                  , 4                 , 12.5             , 10.9581044        
20480          , 143360        , 1                  , 100               , 12.5             , 10.9581044        
20480          , 163840        , 0                  , 4                 , 11.1111111111111 , 6.0752376         
20480          , 163840        , 1                  , 1                 , 11.1111111111111 , 6.7704172         
20480          , 163840        , 1                  , 4                 , 11.1111111111111 , 7.9514052         
20480          , 163840        , 1                  , 100               , 11.1111111111111 , 7.9514052         
20480          , 184320        , 0                  , 4                 , 10               , 7.8985216         
20480          , 184320        , 1                  , 1                 , 10               , 7.2226728         
20480          , 184320        , 1                  , 4                 , 10               , 8.0110786         
20480          , 184320        , 1                  , 100               , 10               , 8.0110786         
20480          , 204800        , 0                  , 4                 , 9.09090909090909 , 6.0095186         
20480          , 204800        , 1                  , 1                 , 9.09090909090909 , 8.8176024         
20480          , 204800        , 1                  , 4                 , 9.09090909090909 , 9.4951856         
20480          , 204800        , 1                  , 100               , 9.09090909090909 , 9.4951856         
20480          , 225280        , 0                  , 4                 , 8.33333333333333 , 6.6378004         
20480          , 225280        , 1                  , 1                 , 8.33333333333333 , 8.1743544         
20480          , 225280        , 1                  , 4                 , 8.33333333333333 , 8.7153034         
20480          , 225280        , 1                  , 100               , 8.33333333333333 , 8.7153034         
32768          , 0             , 0                  , 4                 , 100              , 97.954264         
32768          , 0             , 1                  , 1                 , 100              , 99.1459574        
32768          , 0             , 1                  , 4                 , 100              , 98.707744         
32768          , 0             , 1                  , 100               , 100              , 98.707744         
32768          , 512           , 0                  , 4                 , 98.4615384615385 , 44.7315676        
32768          , 512           , 1                  , 1                 , 98.4615384615385 , 94.2696634        
32768          , 512           , 1                  , 4                 , 98.4615384615385 , 95.0846928        
32768          , 512           , 1                  , 100               , 98.4615384615385 , 95.0846928        
32768          , 1024          , 0                  , 4                 , 96.969696969697  , 45.234248         
32768          , 1024          , 1                  , 1                 , 96.969696969697  , 94.0677874        
32768          , 1024          , 1                  , 4                 , 96.969696969697  , 94.6333088        
32768          , 1024          , 1                  , 100               , 96.969696969697  , 94.6333088        
32768          , 2048          , 0                  , 4                 , 94.1176470588235 , 46.0893838        
32768          , 2048          , 1                  , 1                 , 94.1176470588235 , 89.8670138        
32768          , 2048          , 1                  , 4                 , 94.1176470588235 , 92.198527         
32768          , 2048          , 1                  , 100               , 94.1176470588235 , 92.198527         
32768          , 4096          , 0                  , 4                 , 88.8888888888889 , 47.6861842        
32768          , 4096          , 1                  , 1                 , 88.8888888888889 , 86.019715         
32768          , 4096          , 1                  , 4                 , 88.8888888888889 , 85.7342542        
32768          , 4096          , 1                  , 100               , 88.8888888888889 , 85.7342542        
32768          , 8192          , 0                  , 4                 , 80               , 50.483125         
32768          , 8192          , 1                  , 1                 , 80               , 77.9350552        
32768          , 8192          , 1                  , 4                 , 80               , 77.8689048        
32768          , 8192          , 1                  , 100               , 80               , 77.8689048        
32768          , 16384         , 0                  , 4                 , 66.6666666666667 , 53.3410734        
32768          , 16384         , 1                  , 1                 , 66.6666666666667 , 65.2332522        
32768          , 16384         , 1                  , 4                 , 66.6666666666667 , 64.4480336        
32768          , 16384         , 1                  , 100               , 66.6666666666667 , 64.4480336        
32768          , 32768         , 0                  , 4                 , 50               , 48.8768038        
32768          , 32768         , 1                  , 1                 , 50               , 48.6045182        
32768          , 32768         , 1                  , 4                 , 50               , 48.0833632        
32768          , 32768         , 1                  , 100               , 50               , 48.0833632        
32768          , 65536         , 0                  , 4                 , 33.3333333333333 , 11.7090528        
32768          , 65536         , 1                  , 1                 , 33.3333333333333 , 19.7617852        
32768          , 65536         , 1                  , 4                 , 33.3333333333333 , 21.1709534        
32768          , 65536         , 1                  , 100               , 33.3333333333333 , 21.1709534        
32768          , 98304         , 0                  , 4                 , 25               , 12.7031832        
32768          , 98304         , 1                  , 1                 , 25               , 17.022197         
32768          , 98304         , 1                  , 4                 , 25               , 17.9784474        
32768          , 98304         , 1                  , 100               , 25               , 17.9784474        
32768          , 131072        , 0                  , 4                 , 20               , 11.8165164        
32768          , 131072        , 1                  , 1                 , 20               , 17.3278886        
32768          , 131072        , 1                  , 4                 , 20               , 18.4393234        
32768          , 131072        , 1                  , 100               , 20               , 18.4393234        
32768          , 163840        , 0                  , 4                 , 16.6666666666667 , 13.276334         
32768          , 163840        , 1                  , 1                 , 16.6666666666667 , 16.4531588        
32768          , 163840        , 1                  , 4                 , 16.6666666666667 , 18.0361298        
32768          , 163840        , 1                  , 100               , 16.6666666666667 , 18.0361298        
32768          , 196608        , 0                  , 4                 , 14.2857142857143 , 12.7667908        
32768          , 196608        , 1                  , 1                 , 14.2857142857143 , 14.4902728        
32768          , 196608        , 1                  , 4                 , 14.2857142857143 , 16.7021598        
32768          , 196608        , 1                  , 100               , 14.2857142857143 , 16.7021598        
32768          , 229376        , 0                  , 4                 , 12.5             , 12.9143288        
32768          , 229376        , 1                  , 1                 , 12.5             , 12.0390068        
32768          , 229376        , 1                  , 4                 , 12.5             , 12.4854192        
32768          , 229376        , 1                  , 100               , 12.5             , 12.4854192        
32768          , 262144        , 0                  , 4                 , 11.1111111111111 , 11.4832878        
32768          , 262144        , 1                  , 1                 , 11.1111111111111 , 8.7871346         
32768          , 262144        , 1                  , 4                 , 11.1111111111111 , 9.2906546         
32768          , 262144        , 1                  , 100               , 11.1111111111111 , 9.2906546         
32768          , 294912        , 0                  , 4                 , 10               , 10.633002         
32768          , 294912        , 1                  , 1                 , 10               , 10.3971182        
32768          , 294912        , 1                  , 4                 , 10               , 11.127489         
32768          , 294912        , 1                  , 100               , 10               , 11.127489         
32768          , 327680        , 0                  , 4                 , 9.09090909090909 , 12.281536         
32768          , 327680        , 1                  , 1                 , 9.09090909090909 , 10.157568         
32768          , 327680        , 1                  , 4                 , 9.09090909090909 , 10.942567         
32768          , 327680        , 1                  , 100               , 9.09090909090909 , 10.942567         
32768          , 360448        , 0                  , 4                 , 8.33333333333333 , 12.2064518        
32768          , 360448        , 1                  , 1                 , 8.33333333333333 , 9.3398824         
32768          , 360448        , 1                  , 4                 , 8.33333333333333 , 9.582861          
32768          , 360448        , 1                  , 100               , 8.33333333333333 , 9.582861          
131072         , 0             , 0                  , 4                 , 100              , 97.0039024        
131072         , 0             , 1                  , 1                 , 100              , 96.7141572        
131072         , 0             , 1                  , 4                 , 100              , 97.238891         
131072         , 0             , 1                  , 100               , 100              , 97.238891         
131072         , 2048          , 0                  , 4                 , 98.4615384615385 , 95.8444604        
131072         , 2048          , 1                  , 1                 , 98.4615384615385 , 95.031417         
131072         , 2048          , 1                  , 4                 , 98.4615384615385 , 96.1332852        
131072         , 2048          , 1                  , 100               , 98.4615384615385 , 96.1332852        
131072         , 4096          , 0                  , 4                 , 96.969696969697  , 94.3687536        
131072         , 4096          , 1                  , 1                 , 96.969696969697  , 93.4888154        
131072         , 4096          , 1                  , 4                 , 96.969696969697  , 94.4728208        
131072         , 4096          , 1                  , 100               , 96.969696969697  , 94.4728208        
131072         , 8192          , 0                  , 4                 , 94.1176470588235 , 91.7176436        
131072         , 8192          , 1                  , 1                 , 94.1176470588235 , 90.719898         
131072         , 8192          , 1                  , 4                 , 94.1176470588235 , 89.5488798        
131072         , 8192          , 1                  , 100               , 94.1176470588235 , 89.5488798        
131072         , 16384         , 0                  , 4                 , 88.8888888888889 , 86.3409052        
131072         , 16384         , 1                  , 1                 , 88.8888888888889 , 86.214797         
131072         , 16384         , 1                  , 4                 , 88.8888888888889 , 85.4148426        
131072         , 16384         , 1                  , 100               , 88.8888888888889 , 85.4148426        
131072         , 32768         , 0                  , 4                 , 80               , 77.2574482        
131072         , 32768         , 1                  , 1                 , 80               , 76.1081528        
131072         , 32768         , 1                  , 4                 , 80               , 76.400437         
131072         , 32768         , 1                  , 100               , 80               , 76.400437         
131072         , 65536         , 0                  , 4                 , 66.6666666666667 , 40.2958568        
131072         , 65536         , 1                  , 1                 , 66.6666666666667 , 48.8484346        
131072         , 65536         , 1                  , 4                 , 66.6666666666667 , 57.635584         
131072         , 65536         , 1                  , 100               , 66.6666666666667 , 57.635584         
131072         , 131072        , 0                  , 4                 , 50               , 40.3645258        
131072         , 131072        , 1                  , 1                 , 50               , 50.6279896        
131072         , 131072        , 1                  , 4                 , 50               , 53.0534668        
131072         , 131072        , 1                  , 100               , 50               , 53.0534668        
131072         , 262144        , 0                  , 4                 , 33.3333333333333 , 25.3223648        
131072         , 262144        , 1                  , 1                 , 33.3333333333333 , 17.5904086        
131072         , 262144        , 1                  , 4                 , 33.3333333333333 , 21.1322514        
131072         , 262144        , 1                  , 100               , 33.3333333333333 , 21.1322514        
131072         , 393216        , 0                  , 4                 , 25               , 45.6259658        
131072         , 393216        , 1                  , 1                 , 25               , 28.7186172        
131072         , 393216        , 1                  , 4                 , 25               , 29.6994238        
131072         , 393216        , 1                  , 100               , 25               , 29.6994238        
131072         , 524288        , 0                  , 4                 , 20               , 39.7700338        
131072         , 524288        , 1                  , 1                 , 20               , 19.3050016        
131072         , 524288        , 1                  , 4                 , 20               , 20.7407464        
131072         , 524288        , 1                  , 100               , 20               , 20.7407464        
131072         , 655360        , 0                  , 4                 , 16.6666666666667 , 40.607805         
131072         , 655360        , 1                  , 1                 , 16.6666666666667 , 14.0373998        
131072         , 655360        , 1                  , 4                 , 16.6666666666667 , 12.106433         
131072         , 655360        , 1                  , 100               , 16.6666666666667 , 12.106433         
131072         , 786432        , 0                  , 4                 , 14.2857142857143 , 37.484535         
131072         , 786432        , 1                  , 1                 , 14.2857142857143 , 10.55312          
131072         , 786432        , 1                  , 4                 , 14.2857142857143 , 10.5440194        
131072         , 786432        , 1                  , 100               , 14.2857142857143 , 10.5440194        
131072         , 917504        , 0                  , 4                 , 12.5             , 54.1846232        
131072         , 917504        , 1                  , 1                 , 12.5             , 18.0473838        
131072         , 917504        , 1                  , 4                 , 12.5             , 20.2330412        
131072         , 917504        , 1                  , 100               , 12.5             , 20.2330412        
131072         , 1048576       , 0                  , 4                 , 11.1111111111111 , 35.0844676        
131072         , 1048576       , 1                  , 1                 , 11.1111111111111 , 12.770118         
131072         , 1048576       , 1                  , 4                 , 11.1111111111111 , 13.7066272        
131072         , 1048576       , 1                  , 100               , 11.1111111111111 , 13.7066272        
131072         , 1179648       , 0                  , 4                 , 10               , 38.7946916        
131072         , 1179648       , 1                  , 1                 , 10               , 11.8475072        
131072         , 1179648       , 1                  , 4                 , 10               , 12.9720374        
131072         , 1179648       , 1                  , 100               , 10               , 12.9720374        
131072         , 1310720       , 0                  , 4                 , 9.09090909090909 , 37.1764636        
131072         , 1310720       , 1                  , 1                 , 9.09090909090909 , 11.4628512        
131072         , 1310720       , 1                  , 4                 , 9.09090909090909 , 11.872718         
131072         , 1310720       , 1                  , 100               , 9.09090909090909 , 11.872718         
131072         , 1441792       , 0                  , 4                 , 8.33333333333333 , 28.9367088        
131072         , 1441792       , 1                  , 1                 , 8.33333333333333 , 11.3151422        
131072         , 1441792       , 1                  , 4                 , 8.33333333333333 , 11.3041408        
131072         , 1441792       , 1                  , 100               , 8.33333333333333 , 11.3041408        
204800         , 0             , 0                  , 4                 , 100              , 96.9489282        
204800         , 0             , 1                  , 1                 , 100              , 96.151311         
204800         , 0             , 1                  , 4                 , 100              , 96.6319024        
204800         , 0             , 1                  , 100               , 100              , 96.6319024        
204800         , 3200          , 0                  , 4                 , 98.4615384615385 , 96.9056544        
204800         , 3200          , 1                  , 1                 , 98.4615384615385 , 95.9793204        
204800         , 3200          , 1                  , 4                 , 98.4615384615385 , 95.5026662        
204800         , 3200          , 1                  , 100               , 98.4615384615385 , 95.5026662        
204800         , 6400          , 0                  , 4                 , 96.969696969697  , 94.4059698        
204800         , 6400          , 1                  , 1                 , 96.969696969697  , 94.5901872        
204800         , 6400          , 1                  , 4                 , 96.969696969697  , 94.044216         
204800         , 6400          , 1                  , 100               , 96.969696969697  , 94.044216         
204800         , 12800         , 0                  , 4                 , 94.1176470588235 , 91.2461794        
204800         , 12800         , 1                  , 1                 , 94.1176470588235 , 91.6633696        
204800         , 12800         , 1                  , 4                 , 94.1176470588235 , 90.7160146        
204800         , 12800         , 1                  , 100               , 94.1176470588235 , 90.7160146        
204800         , 25600         , 0                  , 4                 , 88.8888888888889 , 87.5044852        
204800         , 25600         , 1                  , 1                 , 88.8888888888889 , 86.1382918        
204800         , 25600         , 1                  , 4                 , 88.8888888888889 , 86.0208804        
204800         , 25600         , 1                  , 100               , 88.8888888888889 , 86.0208804        
204800         , 51200         , 0                  , 4                 , 80               , 77.8617374        
204800         , 51200         , 1                  , 1                 , 80               , 77.6845966        
204800         , 51200         , 1                  , 4                 , 80               , 78.2924936        
204800         , 51200         , 1                  , 100               , 80               , 78.2924936        
204800         , 102400        , 0                  , 4                 , 66.6666666666667 , 38.0484154        
204800         , 102400        , 1                  , 1                 , 66.6666666666667 , 41.9340152        
204800         , 102400        , 1                  , 4                 , 66.6666666666667 , 45.7454318        
204800         , 102400        , 1                  , 100               , 66.6666666666667 , 45.7454318        
204800         , 204800        , 0                  , 4                 , 50               , 49.971195         
204800         , 204800        , 1                  , 1                 , 50               , 48.9442344        
204800         , 204800        , 1                  , 4                 , 50               , 49.8881164        
204800         , 204800        , 1                  , 100               , 50               , 49.8881164        
204800         , 409600        , 0                  , 4                 , 33.3333333333333 , 49.5377126        
204800         , 409600        , 1                  , 1                 , 33.3333333333333 , 18.2755556        
204800         , 409600        , 1                  , 4                 , 33.3333333333333 , 19.190096         
204800         , 409600        , 1                  , 100               , 33.3333333333333 , 19.190096         
204800         , 614400        , 0                  , 4                 , 25               , 48.7236936        
204800         , 614400        , 1                  , 1                 , 25               , 28.6734374        
204800         , 614400        , 1                  , 4                 , 25               , 28.931151         
204800         , 614400        , 1                  , 100               , 25               , 28.931151         
204800         , 819200        , 0                  , 4                 , 20               , 48.7342838        
204800         , 819200        , 1                  , 1                 , 20               , 19.3604162        
204800         , 819200        , 1                  , 4                 , 20               , 19.0988518        
204800         , 819200        , 1                  , 100               , 20               , 19.0988518        
204800         , 1024000       , 0                  , 4                 , 16.6666666666667 , 47.9874736        
204800         , 1024000       , 1                  , 1                 , 16.6666666666667 , 14.5259498        
204800         , 1024000       , 1                  , 4                 , 16.6666666666667 , 14.3585268        
204800         , 1024000       , 1                  , 100               , 16.6666666666667 , 14.3585268        
204800         , 1228800       , 0                  , 4                 , 14.2857142857143 , 47.676741         
204800         , 1228800       , 1                  , 1                 , 14.2857142857143 , 9.8447508         
204800         , 1228800       , 1                  , 4                 , 14.2857142857143 , 9.962634          
204800         , 1228800       , 1                  , 100               , 14.2857142857143 , 9.962634          
204800         , 1433600       , 0                  , 4                 , 12.5             , 46.0765142        
204800         , 1433600       , 1                  , 1                 , 12.5             , 8.3829498         
204800         , 1433600       , 1                  , 4                 , 12.5             , 8.554416          
204800         , 1433600       , 1                  , 100               , 12.5             , 8.554416          
204800         , 1638400       , 0                  , 4                 , 11.1111111111111 , 33.8244994        
204800         , 1638400       , 1                  , 1                 , 11.1111111111111 , 11.1378718        
204800         , 1638400       , 1                  , 4                 , 11.1111111111111 , 10.0230776        
204800         , 1638400       , 1                  , 100               , 11.1111111111111 , 10.0230776        
204800         , 1843200       , 0                  , 4                 , 10               , 44.7440492        
204800         , 1843200       , 1                  , 1                 , 10               , 7.7788562         
204800         , 1843200       , 1                  , 4                 , 10               , 11.3313632        
204800         , 1843200       , 1                  , 100               , 10               , 11.3313632        
204800         , 2048000       , 0                  , 4                 , 9.09090909090909 , 42.938434         
204800         , 2048000       , 1                  , 1                 , 9.09090909090909 , 7.3354252         
204800         , 2048000       , 1                  , 4                 , 9.09090909090909 , 11.6681318        
204800         , 2048000       , 1                  , 100               , 9.09090909090909 , 11.6681318        
204800         , 2252800       , 0                  , 4                 , 8.33333333333333 , 41.6691312        
204800         , 2252800       , 1                  , 1                 , 8.33333333333333 , 6.4861926         
204800         , 2252800       , 1                  , 4                 , 8.33333333333333 , 9.6398798         
204800         , 2252800       , 1                  , 100               , 8.33333333333333 , 9.6398798         
524288         , 0             , 0                  , 4                 , 100              , 96.8069258        
524288         , 0             , 1                  , 1                 , 100              , 95.9549466        
524288         , 0             , 1                  , 4                 , 100              , 95.9466086        
524288         , 0             , 1                  , 100               , 100              , 95.9466086        
524288         , 8192          , 0                  , 4                 , 98.4615384615385 , 48.7423688        
524288         , 8192          , 1                  , 1                 , 98.4615384615385 , 71.0393232        
524288         , 8192          , 1                  , 4                 , 98.4615384615385 , 70.6140892        
524288         , 8192          , 1                  , 100               , 98.4615384615385 , 70.6140892        
524288         , 16384         , 0                  , 4                 , 96.969696969697  , 93.5032096        
524288         , 16384         , 1                  , 1                 , 96.969696969697  , 93.0550592        
524288         , 16384         , 1                  , 4                 , 96.969696969697  , 92.8934878        
524288         , 16384         , 1                  , 100               , 96.969696969697  , 92.8934878        
524288         , 32768         , 0                  , 4                 , 94.1176470588235 , 89.5244234        
524288         , 32768         , 1                  , 1                 , 94.1176470588235 , 90.226555         
524288         , 32768         , 1                  , 4                 , 94.1176470588235 , 89.6019616        
524288         , 32768         , 1                  , 100               , 94.1176470588235 , 89.6019616        
524288         , 65536         , 0                  , 4                 , 88.8888888888889 , 68.8399988        
524288         , 65536         , 1                  , 1                 , 88.8888888888889 , 76.6175008        
524288         , 65536         , 1                  , 4                 , 88.8888888888889 , 77.5897936        
524288         , 65536         , 1                  , 100               , 88.8888888888889 , 77.5897936        
524288         , 131072        , 0                  , 4                 , 80               , 50.494866         
524288         , 131072        , 1                  , 1                 , 80               , 68.0284706        
524288         , 131072        , 1                  , 4                 , 80               , 71.0475222        
524288         , 131072        , 1                  , 100               , 80               , 71.0475222        
524288         , 262144        , 0                  , 4                 , 66.6666666666667 , 41.7283762        
524288         , 262144        , 1                  , 1                 , 66.6666666666667 , 39.9470708        
524288         , 262144        , 1                  , 4                 , 66.6666666666667 , 44.514814         
524288         , 262144        , 1                  , 100               , 66.6666666666667 , 44.514814         
524288         , 524288        , 0                  , 4                 , 50               , 47.6458744        
524288         , 524288        , 1                  , 1                 , 50               , 60.4459646        
524288         , 524288        , 1                  , 4                 , 50               , 60.688868         
524288         , 524288        , 1                  , 100               , 50               , 60.688868         
524288         , 1048576       , 0                  , 4                 , 33.3333333333333 , 35.7853072        
524288         , 1048576       , 1                  , 1                 , 33.3333333333333 , 26.7991914        
524288         , 1048576       , 1                  , 4                 , 33.3333333333333 , 28.9219156        
524288         , 1048576       , 1                  , 100               , 33.3333333333333 , 28.9219156        
524288         , 1572864       , 0                  , 4                 , 25               , 79.4147482        
524288         , 1572864       , 1                  , 1                 , 25               , 35.5166222        
524288         , 1572864       , 1                  , 4                 , 25               , 37.4640006        
524288         , 1572864       , 1                  , 100               , 25               , 37.4640006        
524288         , 2097152       , 0                  , 4                 , 20               , 60.1423472        
524288         , 2097152       , 1                  , 1                 , 20               , 23.418266         
524288         , 2097152       , 1                  , 4                 , 20               , 28.7186838        
524288         , 2097152       , 1                  , 100               , 20               , 28.7186838        
524288         , 2621440       , 0                  , 4                 , 16.6666666666667 , 47.0425158        
524288         , 2621440       , 1                  , 1                 , 16.6666666666667 , 29.3521198        
524288         , 2621440       , 1                  , 4                 , 16.6666666666667 , 21.7218222        
524288         , 2621440       , 1                  , 100               , 16.6666666666667 , 21.7218222        
524288         , 3145728       , 0                  , 4                 , 14.2857142857143 , 63.3664468        
524288         , 3145728       , 1                  , 1                 , 14.2857142857143 , 22.4937244        
524288         , 3145728       , 1                  , 4                 , 14.2857142857143 , 19.4261064        
524288         , 3145728       , 1                  , 100               , 14.2857142857143 , 19.4261064        
524288         , 3670016       , 0                  , 4                 , 12.5             , 102.4767706       
524288         , 3670016       , 1                  , 1                 , 12.5             , 29.310769         
524288         , 3670016       , 1                  , 4                 , 12.5             , 19.9203544        
524288         , 3670016       , 1                  , 100               , 12.5             , 19.9203544        
524288         , 4194304       , 0                  , 4                 , 11.1111111111111 , 43.8796476        
524288         , 4194304       , 1                  , 1                 , 11.1111111111111 , 21.0552034        
524288         , 4194304       , 1                  , 4                 , 11.1111111111111 , 15.7630524        
524288         , 4194304       , 1                  , 100               , 11.1111111111111 , 15.7630524        
524288         , 4718592       , 0                  , 4                 , 10               , 67.3005572        
524288         , 4718592       , 1                  , 1                 , 10               , 28.2363956        
524288         , 4718592       , 1                  , 4                 , 10               , 16.593071         
524288         , 4718592       , 1                  , 100               , 10               , 16.593071         
524288         , 5242880       , 0                  , 4                 , 9.09090909090909 , 44.0157478        
524288         , 5242880       , 1                  , 1                 , 9.09090909090909 , 20.5479154        
524288         , 5242880       , 1                  , 4                 , 9.09090909090909 , 11.4190834        
524288         , 5242880       , 1                  , 100               , 9.09090909090909 , 11.4190834        
524288         , 5767168       , 0                  , 4                 , 8.33333333333333 , 70.5366376        
524288         , 5767168       , 1                  , 1                 , 8.33333333333333 , 28.9184734        
524288         , 5767168       , 1                  , 4                 , 8.33333333333333 , 9.8880222         
524288         , 5767168       , 1                  , 100               , 8.33333333333333 , 9.8880222         
2048000        , 0             , 0                  , 4                 , 100              , 95.9041082        
2048000        , 0             , 1                  , 1                 , 100              , 95.0538194        
2048000        , 0             , 1                  , 4                 , 100              , 96.1089662        
2048000        , 0             , 1                  , 100               , 100              , 96.1089662        
2048000        , 32000         , 0                  , 4                 , 98.4615384615385 , 93.684632         
2048000        , 32000         , 1                  , 1                 , 98.4615384615385 , 93.9836614        
2048000        , 32000         , 1                  , 4                 , 98.4615384615385 , 92.5681884        
2048000        , 32000         , 1                  , 100               , 98.4615384615385 , 92.5681884        
2048000        , 64000         , 0                  , 4                 , 96.969696969697  , 92.9600166        
2048000        , 64000         , 1                  , 1                 , 96.969696969697  , 92.3428354        
2048000        , 64000         , 1                  , 4                 , 96.969696969697  , 91.6018024        
2048000        , 64000         , 1                  , 100               , 96.969696969697  , 91.6018024        
2048000        , 128000        , 0                  , 4                 , 94.1176470588235 , 66.1070662        
2048000        , 128000        , 1                  , 1                 , 94.1176470588235 , 73.1959168        
2048000        , 128000        , 1                  , 4                 , 94.1176470588235 , 80.8229408        
2048000        , 128000        , 1                  , 100               , 94.1176470588235 , 80.8229408        
2048000        , 256000        , 0                  , 4                 , 88.8888888888889 , 69.272317         
2048000        , 256000        , 1                  , 1                 , 88.8888888888889 , 67.9257482        
2048000        , 256000        , 1                  , 4                 , 88.8888888888889 , 75.5353076        
2048000        , 256000        , 1                  , 100               , 88.8888888888889 , 75.5353076        
2048000        , 512000        , 0                  , 4                 , 80               , 58.7553036        
2048000        , 512000        , 1                  , 1                 , 80               , 58.9013646        
2048000        , 512000        , 1                  , 4                 , 80               , 76.419266         
2048000        , 512000        , 1                  , 100               , 80               , 76.419266         
2048000        , 1024000       , 0                  , 4                 , 66.6666666666667 , 43.0855286        
2048000        , 1024000       , 1                  , 1                 , 66.6666666666667 , 49.8874362        
2048000        , 1024000       , 1                  , 4                 , 66.6666666666667 , 52.6179858        
2048000        , 1024000       , 1                  , 100               , 66.6666666666667 , 52.6179858        
2048000        , 2048000       , 0                  , 4                 , 50               , 45.4024984        
2048000        , 2048000       , 1                  , 1                 , 50               , 37.3283696        
2048000        , 2048000       , 1                  , 4                 , 50               , 45.0301422        
2048000        , 2048000       , 1                  , 100               , 50               , 45.0301422        
2048000        , 4096000       , 0                  , 4                 , 33.3333333333333 , 50.0725466        
2048000        , 4096000       , 1                  , 1                 , 33.3333333333333 , 40.0146296        
2048000        , 4096000       , 1                  , 4                 , 33.3333333333333 , 35.7679426        
2048000        , 4096000       , 1                  , 100               , 33.3333333333333 , 35.7679426        
2048000        , 6144000       , 0                  , 4                 , 25               , 47.4417492        
2048000        , 6144000       , 1                  , 1                 , 25               , 40.0171936        
2048000        , 6144000       , 1                  , 4                 , 25               , 27.4174496        
2048000        , 6144000       , 1                  , 100               , 25               , 27.4174496        
2048000        , 8192000       , 0                  , 4                 , 20               , 72.970513         
2048000        , 8192000       , 1                  , 1                 , 20               , 40.1692482        
2048000        , 8192000       , 1                  , 4                 , 20               , 21.266282         
2048000        , 8192000       , 1                  , 100               , 20               , 21.266282         
2048000        , 10240000      , 0                  , 4                 , 16.6666666666667 , 45.2005526        
2048000        , 10240000      , 1                  , 1                 , 16.6666666666667 , 38.3966958        
2048000        , 10240000      , 1                  , 4                 , 16.6666666666667 , 21.5399546        
2048000        , 10240000      , 1                  , 100               , 16.6666666666667 , 21.5399546        
2048000        , 12288000      , 0                  , 4                 , 14.2857142857143 , 64.2504384        
2048000        , 12288000      , 1                  , 1                 , 14.2857142857143 , 38.6782182        
2048000        , 12288000      , 1                  , 4                 , 14.2857142857143 , 19.0649578        
2048000        , 12288000      , 1                  , 100               , 14.2857142857143 , 19.0649578        
2048000        , 14336000      , 0                  , 4                 , 12.5             , 62.4226812        
2048000        , 14336000      , 1                  , 1                 , 12.5             , 38.1499158        
2048000        , 14336000      , 1                  , 4                 , 12.5             , 17.330258         
2048000        , 14336000      , 1                  , 100               , 12.5             , 17.330258         
2048000        , 16384000      , 0                  , 4                 , 11.1111111111111 , 57.9367194        
2048000        , 16384000      , 1                  , 1                 , 11.1111111111111 , 39.4008898        
2048000        , 16384000      , 1                  , 4                 , 11.1111111111111 , 14.8718098        
2048000        , 16384000      , 1                  , 100               , 11.1111111111111 , 14.8718098        
2048000        , 18432000      , 0                  , 4                 , 10               , 71.4239472        
2048000        , 18432000      , 1                  , 1                 , 10               , 39.9579454        
2048000        , 18432000      , 1                  , 4                 , 10               , 16.3866204        
2048000        , 18432000      , 1                  , 100               , 10               , 16.3866204        
2048000        , 20480000      , 0                  , 4                 , 9.09090909090909 , 51.4986688        
2048000        , 20480000      , 1                  , 1                 , 9.09090909090909 , 34.8894422        
2048000        , 20480000      , 1                  , 4                 , 9.09090909090909 , 14.72596          
2048000        , 20480000      , 1                  , 100               , 9.09090909090909 , 14.72596          
2048000        , 22528000      , 0                  , 4                 , 8.33333333333333 , 44.4739744        
2048000        , 22528000      , 1                  , 1                 , 8.33333333333333 , 38.6362882        
2048000        , 22528000      , 1                  , 4                 , 8.33333333333333 , 14.4987532        
2048000        , 22528000      , 1                  , 100               , 8.33333333333333 , 14.4987532        
2097152        , 0             , 0                  , 4                 , 100              , 95.7721476        
2097152        , 0             , 1                  , 1                 , 100              , 95.1995768        
2097152        , 0             , 1                  , 4                 , 100              , 96.2299382        
2097152        , 0             , 1                  , 100               , 100              , 96.2299382        
2097152        , 32768         , 0                  , 4                 , 98.4615384615385 , 92.6387184        
2097152        , 32768         , 1                  , 1                 , 98.4615384615385 , 92.2538104        
2097152        , 32768         , 1                  , 4                 , 98.4615384615385 , 92.3866166        
2097152        , 32768         , 1                  , 100               , 98.4615384615385 , 92.3866166        
2097152        , 65536         , 0                  , 4                 , 96.969696969697  , 52.2957438        
2097152        , 65536         , 1                  , 1                 , 96.969696969697  , 52.5979646        
2097152        , 65536         , 1                  , 4                 , 96.969696969697  , 57.0933628        
2097152        , 65536         , 1                  , 100               , 96.969696969697  , 57.0933628        
2097152        , 131072        , 0                  , 4                 , 94.1176470588235 , 84.813127         
2097152        , 131072        , 1                  , 1                 , 94.1176470588235 , 84.6812764        
2097152        , 131072        , 1                  , 4                 , 94.1176470588235 , 63.263032         
2097152        , 131072        , 1                  , 100               , 94.1176470588235 , 63.263032         
2097152        , 262144        , 0                  , 4                 , 88.8888888888889 , 81.085758         
2097152        , 262144        , 1                  , 1                 , 88.8888888888889 , 82.438314         
2097152        , 262144        , 1                  , 4                 , 88.8888888888889 , 69.598586         
2097152        , 262144        , 1                  , 100               , 88.8888888888889 , 69.598586         
2097152        , 524288        , 0                  , 4                 , 80               , 47.1710162        
2097152        , 524288        , 1                  , 1                 , 80               , 48.7226325        
2097152        , 524288        , 1                  , 4                 , 80               , 76.258262         
2097152        , 524288        , 1                  , 100               , 80               , 76.258262         
2097152        , 1048576       , 0                  , 4                 , 66.6666666666667 , 56.6244404        
2097152        , 1048576       , 1                  , 1                 , 66.6666666666667 , 56.5703606        
2097152        , 1048576       , 1                  , 4                 , 66.6666666666667 , 69.8404506        
2097152        , 1048576       , 1                  , 100               , 66.6666666666667 , 69.8404506        
2097152        , 2097152       , 0                  , 4                 , 50               , 109.5540258       
2097152        , 2097152       , 1                  , 1                 , 50               , 106.8644184       
2097152        , 2097152       , 1                  , 4                 , 50               , 63.1172982        
2097152        , 2097152       , 1                  , 100               , 50               , 63.1172982        
2097152        , 4194304       , 0                  , 4                 , 33.3333333333333 , 89.0481644        
2097152        , 4194304       , 1                  , 1                 , 33.3333333333333 , 85.9999984        
2097152        , 4194304       , 1                  , 4                 , 33.3333333333333 , 42.4686578        
2097152        , 4194304       , 1                  , 100               , 33.3333333333333 , 42.4686578        
2097152        , 6291456       , 0                  , 4                 , 25               , 106.9411134       
2097152        , 6291456       , 1                  , 1                 , 25               , 104.0426616       
2097152        , 6291456       , 1                  , 4                 , 25               , 35.32713          
2097152        , 6291456       , 1                  , 100               , 25               , 35.32713          
2097152        , 8388608       , 0                  , 4                 , 20               , 105.9508266       
2097152        , 8388608       , 1                  , 1                 , 20               , 109.1688026       
2097152        , 8388608       , 1                  , 4                 , 20               , 26.3316412        
2097152        , 8388608       , 1                  , 100               , 20               , 26.3316412        
2097152        , 10485760      , 0                  , 4                 , 16.6666666666667 , 105.7518296       
2097152        , 10485760      , 1                  , 1                 , 16.6666666666667 , 104.8732656       
2097152        , 10485760      , 1                  , 4                 , 16.6666666666667 , 25.7273612        
2097152        , 10485760      , 1                  , 100               , 16.6666666666667 , 25.7273612        
2097152        , 12582912      , 0                  , 4                 , 14.2857142857143 , 84.171023         
2097152        , 12582912      , 1                  , 1                 , 14.2857142857143 , 82.0827528        
2097152        , 12582912      , 1                  , 4                 , 14.2857142857143 , 23.1306816        
2097152        , 12582912      , 1                  , 100               , 14.2857142857143 , 23.1306816        
2097152        , 14680064      , 0                  , 4                 , 12.5             , 105.2442134       
2097152        , 14680064      , 1                  , 1                 , 12.5             , 105.2526662       
2097152        , 14680064      , 1                  , 4                 , 12.5             , 23.3515942        
2097152        , 14680064      , 1                  , 100               , 12.5             , 23.3515942        
2097152        , 16777216      , 0                  , 4                 , 11.1111111111111 , 77.4773422        
2097152        , 16777216      , 1                  , 1                 , 11.1111111111111 , 84.3862678        
2097152        , 16777216      , 1                  , 4                 , 11.1111111111111 , 22.5003348        
2097152        , 16777216      , 1                  , 100               , 11.1111111111111 , 22.5003348        
2097152        , 18874368      , 0                  , 4                 , 10               , 106.621857        
2097152        , 18874368      , 1                  , 1                 , 10               , 104.3097384       
2097152        , 18874368      , 1                  , 4                 , 10               , 23.6739558        
2097152        , 18874368      , 1                  , 100               , 10               , 23.6739558        
2097152        , 20971520      , 0                  , 4                 , 9.09090909090909 , 79.3773726        
2097152        , 20971520      , 1                  , 1                 , 9.09090909090909 , 75.870408         
2097152        , 20971520      , 1                  , 4                 , 9.09090909090909 , 23.3049622        
2097152        , 20971520      , 1                  , 100               , 9.09090909090909 , 23.3049622        
2097152        , 23068672      , 0                  , 4                 , 8.33333333333333 , 101.2761186       
2097152        , 23068672      , 1                  , 1                 , 8.33333333333333 , 103.338332        
2097152        , 23068672      , 1                  , 4                 , 8.33333333333333 , 23.8275162        
2097152        , 23068672      , 1                  , 100               , 8.33333333333333 , 23.8275162        
8388608        , 0             , 0                  , 4                 , 100              , 93.881381         
8388608        , 0             , 1                  , 1                 , 100              , 94.5810876        
8388608        , 0             , 1                  , 4                 , 100              , 95.480706         
8388608        , 0             , 1                  , 100               , 100              , 95.480706         
8388608        , 131072        , 0                  , 4                 , 98.4615384615385 , 67.6525           
8388608        , 131072        , 1                  , 4                 , 98.4615384615385 , 66.8466176        
8388608        , 131072        , 1                  , 100               , 98.4615384615385 , 66.8466176        
8388608        , 262144        , 0                  , 4                 , 96.969696969697  , 69.5231726        
8388608        , 262144        , 1                  , 4                 , 96.969696969697  , 70.5805034        
8388608        , 262144        , 1                  , 100               , 96.969696969697  , 70.5805034        
8388608        , 524288        , 0                  , 4                 , 94.1176470588235 , 66.9160242        
8388608        , 524288        , 1                  , 4                 , 94.1176470588235 , 67.9844352        
8388608        , 524288        , 1                  , 100               , 94.1176470588235 , 67.9844352        
8388608        , 1048576       , 0                  , 4                 , 88.8888888888889 , 72.3685252        
8388608        , 1048576       , 1                  , 4                 , 88.8888888888889 , 68.5125606        
8388608        , 1048576       , 1                  , 100               , 88.8888888888889 , 68.5125606        
8388608        , 2097152       , 0                  , 4                 , 80               , 95.5754904        
8388608        , 2097152       , 1                  , 4                 , 80               , 93.988273         
8388608        , 2097152       , 1                  , 100               , 80               , 93.988273         
8388608        , 4194304       , 0                  , 4                 , 66.6666666666667 , 90.2024496        
8388608        , 4194304       , 1                  , 1                 , 66.6666666666667 , 95.1074436        
8388608        , 4194304       , 1                  , 4                 , 66.6666666666667 , 87.3976534        
8388608        , 4194304       , 1                  , 100               , 66.6666666666667 , 87.3976534        
8388608        , 8388608       , 0                  , 4                 , 50               , 86.594017         
8388608        , 8388608       , 1                  , 1                 , 50               , 96.6321582        
8388608        , 8388608       , 1                  , 4                 , 50               , 85.1434444        
8388608        , 8388608       , 1                  , 100               , 50               , 85.1434444        
8388608        , 16777216      , 0                  , 4                 , 33.3333333333333 , 90.0012576        
8388608        , 16777216      , 1                  , 1                 , 33.3333333333333 , 96.6819242        
8388608        , 16777216      , 1                  , 4                 , 33.3333333333333 , 90.69905          
8388608        , 16777216      , 1                  , 100               , 33.3333333333333 , 90.69905          
8388608        , 25165824      , 0                  , 4                 , 25               , 81.698793         
8388608        , 25165824      , 1                  , 1                 , 25               , 92.6625428        
8388608        , 25165824      , 1                  , 4                 , 25               , 87.9501152        
8388608        , 25165824      , 1                  , 100               , 25               , 87.9501152        
8388608        , 33554432      , 0                  , 4                 , 20               , 104.5023184       
8388608        , 33554432      , 1                  , 1                 , 20               , 108.364143        
8388608        , 33554432      , 1                  , 4                 , 20               , 102.317291        
8388608        , 33554432      , 1                  , 100               , 20               , 102.317291        
8388608        , 41943040      , 0                  , 4                 , 16.6666666666667 , 87.081491         
8388608        , 41943040      , 1                  , 1                 , 16.6666666666667 , 89.4823032        
8388608        , 41943040      , 1                  , 4                 , 16.6666666666667 , 78.7019336        
8388608        , 41943040      , 1                  , 100               , 16.6666666666667 , 78.7019336        
8388608        , 50331648      , 0                  , 4                 , 14.2857142857143 , 83.5978086        
8388608        , 50331648      , 1                  , 1                 , 14.2857142857143 , 93.8574882        
8388608        , 50331648      , 1                  , 4                 , 14.2857142857143 , 87.2267436        
8388608        , 50331648      , 1                  , 100               , 14.2857142857143 , 87.2267436        
8388608        , 58720256      , 0                  , 4                 , 12.5             , 83.4189602        
8388608        , 58720256      , 1                  , 1                 , 12.5             , 93.9663336        
8388608        , 58720256      , 1                  , 4                 , 12.5             , 81.9840224        
8388608        , 58720256      , 1                  , 100               , 12.5             , 81.9840224        
8388608        , 67108864      , 0                  , 4                 , 11.1111111111111 , 82.0947258        
8388608        , 67108864      , 1                  , 1                 , 11.1111111111111 , 91.2215884        
8388608        , 67108864      , 1                  , 4                 , 11.1111111111111 , 81.3886286        
8388608        , 67108864      , 1                  , 100               , 11.1111111111111 , 81.3886286        
8388608        , 75497472      , 0                  , 4                 , 10               , 96.6819826        
8388608        , 75497472      , 1                  , 1                 , 10               , 103.770875        
8388608        , 75497472      , 1                  , 4                 , 10               , 102.2294682       
8388608        , 75497472      , 1                  , 100               , 10               , 102.2294682       
8388608        , 83886080      , 0                  , 4                 , 9.09090909090909 , 69.1269704        
8388608        , 83886080      , 1                  , 1                 , 9.09090909090909 , 85.3855664        
8388608        , 83886080      , 1                  , 4                 , 9.09090909090909 , 81.3618436        
8388608        , 83886080      , 1                  , 100               , 9.09090909090909 , 81.3618436        
8388608        , 92274688      , 0                  , 4                 , 8.33333333333333 , 82.4471802        
8388608        , 92274688      , 1                  , 1                 , 8.33333333333333 , 91.9651002        
8388608        , 92274688      , 1                  , 4                 , 8.33333333333333 , 76.8955192        
8388608        , 92274688      , 1                  , 100               , 8.33333333333333 , 76.8955192        
20480000       , 0             , 0                  , 4                 , 100              , 94.4102132        
20480000       , 0             , 1                  , 1                 , 100              , 95.8829816        
20480000       , 0             , 1                  , 4                 , 100              , 95.4308912        
20480000       , 0             , 1                  , 100               , 100              , 95.4308912        
20480000       , 320000        , 0                  , 4                 , 98.4615384615385 , 56.0810066        
20480000       , 320000        , 1                  , 1                 , 98.4615384615385 , 97.5424722        
20480000       , 320000        , 1                  , 4                 , 98.4615384615385 , 95.0229324        
20480000       , 320000        , 1                  , 100               , 98.4615384615385 , 95.0229324        
20480000       , 640000        , 0                  , 4                 , 96.969696969697  , 50.8287318        
20480000       , 640000        , 1                  , 1                 , 96.969696969697  , 57.4658514        
20480000       , 640000        , 1                  , 4                 , 96.969696969697  , 62.3453822        
20480000       , 640000        , 1                  , 100               , 96.969696969697  , 62.3453822        
20480000       , 1280000       , 0                  , 4                 , 94.1176470588235 , 43.5018206        
20480000       , 1280000       , 1                  , 1                 , 94.1176470588235 , 41.8700288        
20480000       , 1280000       , 1                  , 4                 , 94.1176470588235 , 90.7256808        
20480000       , 1280000       , 1                  , 100               , 94.1176470588235 , 90.7256808        
20480000       , 2560000       , 0                  , 4                 , 88.8888888888889 , 42.2823512        
20480000       , 2560000       , 1                  , 1                 , 88.8888888888889 , 41.5450166        
20480000       , 2560000       , 1                  , 4                 , 88.8888888888889 , 85.4609402        
20480000       , 2560000       , 1                  , 100               , 88.8888888888889 , 85.4609402        
20480000       , 5120000       , 0                  , 4                 , 80               , 72.2759436        
20480000       , 5120000       , 1                  , 1                 , 80               , 83.5154766        
20480000       , 5120000       , 1                  , 4                 , 80               , 67.223823         
20480000       , 5120000       , 1                  , 100               , 80               , 67.223823         
20480000       , 10240000      , 0                  , 4                 , 66.6666666666667 , 70.4250248        
20480000       , 10240000      , 1                  , 1                 , 66.6666666666667 , 80.0406194        
20480000       , 10240000      , 1                  , 4                 , 66.6666666666667 , 65.797076         
20480000       , 10240000      , 1                  , 100               , 66.6666666666667 , 65.797076         
20480000       , 20480000      , 0                  , 4                 , 50               , 66.8757514        
20480000       , 20480000      , 1                  , 1                 , 50               , 83.8661294        
20480000       , 20480000      , 1                  , 4                 , 50               , 65.0917906        
20480000       , 20480000      , 1                  , 100               , 50               , 65.0917906        
20480000       , 40960000      , 0                  , 4                 , 33.3333333333333 , 66.1627332        
20480000       , 40960000      , 1                  , 1                 , 33.3333333333333 , 79.6991888        
20480000       , 40960000      , 1                  , 4                 , 33.3333333333333 , 63.2964268        
20480000       , 40960000      , 1                  , 100               , 33.3333333333333 , 63.2964268        
20480000       , 61440000      , 0                  , 4                 , 25               , 60.7714614        
20480000       , 61440000      , 1                  , 1                 , 25               , 76.055254         
20480000       , 61440000      , 1                  , 4                 , 25               , 60.531223         
20480000       , 61440000      , 1                  , 100               , 25               , 60.531223         
20480000       , 81920000      , 0                  , 4                 , 20               , 64.3625742        
20480000       , 81920000      , 1                  , 1                 , 20               , 73.0323728        
20480000       , 81920000      , 1                  , 4                 , 20               , 64.6343512        
20480000       , 81920000      , 1                  , 100               , 20               , 64.6343512        
20480000       , 102400000     , 0                  , 4                 , 16.6666666666667 , 56.1298488        
20480000       , 102400000     , 1                  , 1                 , 16.6666666666667 , 66.2800972        
20480000       , 102400000     , 1                  , 4                 , 16.6666666666667 , 61.2081778        
20480000       , 102400000     , 1                  , 100               , 16.6666666666667 , 61.2081778        
20480000       , 122880000     , 0                  , 4                 , 14.2857142857143 , 58.1495576        
20480000       , 122880000     , 1                  , 1                 , 14.2857142857143 , 65.1000448        
20480000       , 122880000     , 1                  , 4                 , 14.2857142857143 , 56.9684204        
20480000       , 122880000     , 1                  , 100               , 14.2857142857143 , 56.9684204        
20480000       , 143360000     , 0                  , 4                 , 12.5             , 59.2150238        
20480000       , 143360000     , 1                  , 1                 , 12.5             , 71.6742686        
20480000       , 143360000     , 1                  , 4                 , 12.5             , 62.9294402        
20480000       , 143360000     , 1                  , 100               , 12.5             , 62.9294402        
20480000       , 163840000     , 0                  , 4                 , 11.1111111111111 , 60.1869434        
20480000       , 163840000     , 1                  , 1                 , 11.1111111111111 , 67.6971442        
20480000       , 163840000     , 1                  , 4                 , 11.1111111111111 , 60.7694686        
20480000       , 163840000     , 1                  , 100               , 11.1111111111111 , 60.7694686        
20480000       , 184320000     , 0                  , 4                 , 10               , 56.9798326        
20480000       , 184320000     , 1                  , 1                 , 10               , 72.6695338        
20480000       , 184320000     , 1                  , 4                 , 10               , 57.851402         
20480000       , 184320000     , 1                  , 100               , 10               , 57.851402         
20480000       , 204800000     , 0                  , 4                 , 9.09090909090909 , 52.4409386        
20480000       , 204800000     , 1                  , 1                 , 9.09090909090909 , 75.0098784        
20480000       , 204800000     , 1                  , 4                 , 9.09090909090909 , 60.234098         
20480000       , 204800000     , 1                  , 100               , 9.09090909090909 , 60.234098         
20480000       , 225280000     , 0                  , 4                 , 8.33333333333333 , 52.2984932        
20480000       , 225280000     , 1                  , 1                 , 8.33333333333333 , 79.6860352        
20480000       , 225280000     , 1                  , 4                 , 8.33333333333333 , 53.3442094        
20480000       , 225280000     , 1                  , 100               , 8.33333333333333 , 53.3442094        
33554432       , 0             , 0                  , 4                 , 100              , 96.7977136        
33554432       , 0             , 1                  , 1                 , 100              , 95.3326066        
33554432       , 0             , 1                  , 4                 , 100              , 96.5967798        
33554432       , 0             , 1                  , 100               , 100              , 96.5967798        
33554432       , 524288        , 0                  , 4                 , 98.4615384615385 , 80.6640362        
33554432       , 524288        , 1                  , 4                 , 98.4615384615385 , 83.791999         
33554432       , 524288        , 1                  , 100               , 98.4615384615385 , 83.791999         
33554432       , 1048576       , 0                  , 4                 , 96.969696969697  , 82.6674974        
33554432       , 1048576       , 1                  , 4                 , 96.969696969697  , 86.566493         
33554432       , 1048576       , 1                  , 100               , 96.969696969697  , 86.566493         
33554432       , 2097152       , 0                  , 4                 , 94.1176470588235 , 84.5818206        
33554432       , 2097152       , 1                  , 4                 , 94.1176470588235 , 87.505976         
33554432       , 2097152       , 1                  , 100               , 94.1176470588235 , 87.505976         
33554432       , 4194304       , 0                  , 4                 , 88.8888888888889 , 82.7778926        
33554432       , 4194304       , 1                  , 4                 , 88.8888888888889 , 89.4539396        
33554432       , 4194304       , 1                  , 100               , 88.8888888888889 , 89.4539396        
33554432       , 8388608       , 0                  , 4                 , 80               , 77.9275568        
33554432       , 8388608       , 1                  , 4                 , 80               , 85.6870444        
33554432       , 8388608       , 1                  , 100               , 80               , 85.6870444        
33554432       , 16777216      , 0                  , 4                 , 66.6666666666667 , 74.0325234        
33554432       , 16777216      , 1                  , 1                 , 66.6666666666667 , 78.8160302        
33554432       , 16777216      , 1                  , 4                 , 66.6666666666667 , 74.1266678        
33554432       , 16777216      , 1                  , 100               , 66.6666666666667 , 74.1266678        
33554432       , 33554432      , 0                  , 4                 , 50               , 71.0856666        
33554432       , 33554432      , 1                  , 1                 , 50               , 75.0704472        
33554432       , 33554432      , 1                  , 4                 , 50               , 71.3211982        
33554432       , 33554432      , 1                  , 100               , 50               , 71.3211982        
33554432       , 67108864      , 0                  , 4                 , 33.3333333333333 , 71.051142         
33554432       , 67108864      , 1                  , 1                 , 33.3333333333333 , 69.9045024        
33554432       , 67108864      , 1                  , 4                 , 33.3333333333333 , 78.6140232        
33554432       , 67108864      , 1                  , 100               , 33.3333333333333 , 78.6140232        
33554432       , 100663296     , 0                  , 4                 , 25               , 67.1560356        
33554432       , 100663296     , 1                  , 1                 , 25               , 77.6810546        
33554432       , 100663296     , 1                  , 4                 , 25               , 74.965535         
33554432       , 100663296     , 1                  , 100               , 25               , 74.965535         
33554432       , 134217728     , 0                  , 4                 , 20               , 73.1111876        
33554432       , 134217728     , 1                  , 1                 , 20               , 79.5327676        
33554432       , 134217728     , 1                  , 4                 , 20               , 83.932036         
33554432       , 134217728     , 1                  , 100               , 20               , 83.932036         
33554432       , 167772160     , 0                  , 4                 , 16.6666666666667 , 58.0368896        
33554432       , 167772160     , 1                  , 1                 , 16.6666666666667 , 76.4450936        
33554432       , 167772160     , 1                  , 4                 , 16.6666666666667 , 77.596645         
33554432       , 167772160     , 1                  , 100               , 16.6666666666667 , 77.596645         
33554432       , 201326592     , 0                  , 4                 , 14.2857142857143 , 66.4691774        
33554432       , 201326592     , 1                  , 1                 , 14.2857142857143 , 74.6413238        
33554432       , 201326592     , 1                  , 4                 , 14.2857142857143 , 71.0418738        
33554432       , 201326592     , 1                  , 100               , 14.2857142857143 , 71.0418738        
33554432       , 234881024     , 0                  , 4                 , 12.5             , 59.1461968        
33554432       , 234881024     , 1                  , 1                 , 12.5             , 77.2325324        
33554432       , 234881024     , 1                  , 4                 , 12.5             , 81.309716         
33554432       , 234881024     , 1                  , 100               , 12.5             , 81.309716         
33554432       , 268435456     , 0                  , 4                 , 11.1111111111111 , 67.785437         
33554432       , 268435456     , 1                  , 1                 , 11.1111111111111 , 66.513203         
33554432       , 268435456     , 1                  , 4                 , 11.1111111111111 , 76.7404316        
33554432       , 268435456     , 1                  , 100               , 11.1111111111111 , 76.7404316        
33554432       , 301989888     , 0                  , 4                 , 10               , 75.646459         
33554432       , 301989888     , 1                  , 1                 , 10               , 81.7458514        
33554432       , 301989888     , 1                  , 4                 , 10               , 77.5768312        
33554432       , 301989888     , 1                  , 100               , 10               , 77.5768312        
33554432       , 335544320     , 0                  , 4                 , 9.09090909090909 , 69.5459866        
33554432       , 335544320     , 1                  , 1                 , 9.09090909090909 , 67.2761848        
33554432       , 335544320     , 1                  , 4                 , 9.09090909090909 , 74.3009036        
33554432       , 335544320     , 1                  , 100               , 9.09090909090909 , 74.3009036        
33554432       , 369098752     , 0                  , 4                 , 8.33333333333333 , 63.2159112        
33554432       , 369098752     , 1                  , 1                 , 8.33333333333333 , 67.8210182        
33554432       , 369098752     , 1                  , 4                 , 8.33333333333333 , 64.9787162        
33554432       , 369098752     , 1                  , 100               , 8.33333333333333 , 64.9787162        
